build,entities,ram_mb,avg_physics_ms,avg_fps,avg_frame_ms,best_ms,worst_ms,frames,runtime_s,event_ms,screen_clear_ms,draw_ms,render_tform_ms,projection_ms,render_ms,present_ms,delta_t_error_ms
DEBUG,21000,410,2734.91,0.365846198,2733.389076,228.1462103,27666.74423,11,30.06727983,,,,,,,,
DEBUG,51000,1047,1463.98,0.684015877,1461.95437,550.7340431,18258.91113,20,29.2390874,,,,,,,,
DEBUG,71000,1437,973.128,1.030515661,970.3879697,758.6586475,1548.039317,21,20.37814736,0.001242857,0.002466667,853.0398452,695.3607396,116.2277912,41.45131445,23.45422797,0.093890187
DEBUG,1000,55,782.629,1.277756153,782.6219404,16.19339921,28172.40906,126,98.61036449,0,0,0,0,0,0,0,
DEBUG,71000,1425,779.041,1.285932533,777.6457744,725.1617312,1547.007799,39,30.3281852,,,,,,,,
DEBUG,71000,1432,774.809,1.293083284,773.3453925,730.4389477,1531.268835,39,30.16047031,,,,,,,,
DEBUG,51000,1044,566.766,1.767900097,565.6428221,536.8636847,1107.583523,36,20.3631416,0.001211111,0.002347222,501.000061,406.356538,69.99029219,24.65323075,13.05119195,0.051588011
DEBUG,51000,1035,560.397,1.786946794,559.6137521,516.3398981,1330.346704,54,30.21914262,,,,,,,,
DEBUG,51000,1036,551.51,1.815619602,550.7761641,526.8741846,1106.580496,55,30.29268903,,,,,,,,
RELEASE,111000,4850,482.493,2.074303128,482.0896167,431.4789176,785.7121229,42,20.2477639,0.001104762,0.001709524,387.2472702,76.15403364,36.29755332,274.7956832,76.41769112,0.018421841
RELEASE,111000,4813,474.687,2.108458917,474.2800496,438.4632111,713.4739161,43,20.39404213,0.000918605,0.001755814,388.6409756,76.30509326,35.98001726,276.3558651,67.34218414,0.018294216
DEBUG,41000,815,469.096,2.134547264,468.4834188,441.5327013,934.4208241,52,24.36113778,,,,,,,,
DEBUG,41000,804,468.695,2.135910589,468.1843918,440.7690763,930.593431,65,30.43198547,,,,,,,,
DEBUG,41000,817,449.644,2.227520558,448.929639,426.2287021,894.403398,45,20.20183375,0.00112,0.002302222,400.4557177,324.1899727,56.48614263,19.77960238,8.756729091,0.03971377
DEBUG,41000,805,438.762,2.283222876,437.9773917,416.0544872,879.9011707,69,30.22044003,,,,,,,,
RELEASE,91000,4096,394.415,2.537210688,394.133607,357.8864932,662.4039412,51,20.10081396,0.000858824,0.001523529,318.4286069,62.12557088,29.99602823,226.3070078,60.72790592,0.014974712
RELEASE,71000,3697,394.424,2.538456794,393.9401303,324.2293,552.3928404,51,20.09094664,0.001172549,0.001623529,313.4547558,74.6716157,28.78491417,209.9982259,55.3581684,0.02512441
RELEASE,91000,4231,394.003,2.539892638,393.7174292,356.9800854,647.1500397,51,20.07958889,0.000776471,0.001376471,318.6272027,63.86032564,30.3148243,224.4520527,60.07349447,0.015014579
DEBUG,31000,596,361.749,2.766584112,361.4565687,333.8758945,720.4477787,83,30.0008952,,,,,,,,
DEBUG,31000,596,353.577,2.83069962,353.2695567,319.6517229,697.5827217,85,30.02791232,,,,,,,,
DEBUG,31000,607,340.28,2.942205063,339.8811363,321.9017982,786.3891125,59,20.05298704,0.00110339,0.002308475,304.7160489,246.9196772,43.02881048,14.76756114,5.95272544,0.02920895
DEBUG,31000,592,336.798,2.97154271,336.5255349,317.0234859,694.6411133,90,30.28729814,,,,,,,,
RELEASE,71000,3570,306.48,3.264616639,306.3146797,275.6197155,471.1231887,66,20.21676886,0.000777273,0.001334849,248.5201886,49.82301832,23.3583006,175.3388697,46.07645885,0.01171592
RELEASE,191000,3302,245.303,4.109847784,243.3180138,201.5041858,521.4990973,14,3.406452194,0.022242858,0.001542857,169.3769017,120.3016941,15.62690732,33.44830036,28.50783583,0.045409491
DEBUG,21000,411,232.831,4.299187404,232.6020957,218.3006108,464.8011029,86,20.00378023,0.001152326,0.001874419,209.5717731,170.0976821,29.35788509,10.11620589,3.941141884,0.019086154
DEBUG,21000,412,228.312,4.3826795,228.1709169,215.8123106,454.5491934,132,30.11856103,,,,,,,,
RELEASE,51000,4617,227.278,4.401839356,227.1777589,189.9887025,536.6581082,89,20.21882054,0.000786517,0.001359551,184.6525512,35.42431923,17.17751728,132.0507147,33.95803823,0.008565023
DEBUG,21000,410,225.165,4.443524702,225.0465716,210.3399038,455.0717175,134,30.1562406,,,,,,,,
RELEASE,171000,3076,222.219,4.526330101,220.929534,179.4828922,498.6959994,19,4.197661147,0.014073685,0.001405263,151.3278016,107.75148,13.8318212,29.74450035,35.44001061,0.034146243
RELEASE,51000,856,220.794,4.530564922,220.7230262,88.13980222,21313.91144,167,36.86074538,,,,,,,,
RELEASE,51000,2995,216.41,4.622629722,216.3270822,196.6488063,348.6604095,93,20.11841865,0.000869893,0.001255914,175.1015393,34.59844857,16.52936388,123.9737269,33.00462715,0.00821879
RELEASE,41000,3866,178.303,5.610095603,178.2500818,154.4938982,465.3944075,113,20.14225924,0.000765487,0.00120354,145.9796606,27.54992315,13.35352602,105.0762114,26.12997601,0.006138476
RELEASE,151000,2574,176.469,5.681726835,176.0028296,156.9415927,368.7375188,46,8.096130163,0.006530435,0.001284783,131.5549056,96.76342907,11.42809796,23.36337855,19.64412826,0.024795981
RELEASE,41000,2488,173.343,5.770506229,173.2950213,153.3382088,315.1178956,116,20.10222247,0.000732759,0.001206897,139.6484988,27.85077168,13.34834862,98.44937846,27.40012675,0.006244456
RELEASE,31000,3302,156.7,6.383178096,156.6617733,138.2000893,274.9309242,128,20.05270699,0.000898438,0.00116875,128.454026,25.18639367,12.13341427,91.13421811,23.01696653,0.005188714
DEBUG,3000,93,150.815,6.63101797,150.8064078,31.65480122,43320.06073,374,56.40159651,115.51896,0.00148877,31.21808056,25.42110512,4.333740667,1.46323477,0.937982892,0.003129896
RELEASE,71000,1177,145.216,6.890217582,145.1332978,124.8323023,1039.605141,207,30.04259264,,,,,,,,
RELEASE,131000,2154,140.939,7.102853142,140.7884944,134.2768073,312.4956191,120,16.89461933,0.003315833,0.0012225,109.3403105,79.8178401,9.822529282,19.69994108,12.64895427,0.018794691
RELEASE,111000,1793,136.731,7.319672448,136.6181352,119.8975965,282.6045156,147,20.08286587,0.000806122,0.001378231,105.8966905,77.32999823,8.925649089,19.64104316,11.8529809,0.018866279
RELEASE,71000,1180,134.766,7.425864434,134.6644568,120.9786013,269.9331939,149,20.06500406,0.001077852,0.002348993,105.5579461,77.7634524,8.867684004,18.92680974,11.63066039,0.017472423
RELEASE,71000,1186,133.986,7.470325791,133.8629704,125.818193,266.0841048,150,20.07944556,0.000994,0.002153333,106.2064578,79.00744339,8.815116775,18.38389769,10.93790265,0.016715463
RELEASE,71000,1188,132.659,7.544266904,132.5509838,122.4396005,264.4380927,151,20.01519855,0,0,0,0,0,0,0,0.132550984
RELEASE,31000,2017,130.787,7.647632089,130.7594283,113.0992994,317.9144859,153,20.00619254,0.000731373,0.001164706,105.832435,21.36782426,10.15941137,74.30519938,20.41441053,0.004510687
RELEASE,71000,1180,129.637,7.717789828,129.5707738,119.1210002,304.1633964,232,30.06041952,,,,,,,,
DEBUG,11000,325,129.835,7.724888904,129.4516999,116.9188023,252.8142035,23,2.977389097,,,,,,,,
RELEASE,71000,1178,127.471,7.849484681,127.3968981,117.6524013,255.1475167,236,30.06566795,,,,,,,,
RELEASE,71000,1177,125.372,7.980367706,125.3075092,115.1672974,255.4296851,240,30.07380222,,,,,,,,
RELEASE,111000,3975,120.951,8.273793751,120.8635398,109.3548983,623.0047941,166,20.0633476,,,,,,,,
DEBUG,11000,253,119.776,8.351572453,119.7379303,113.611199,247.3666966,251,30.0542205,,,,,,,,
RELEASE,111000,1767,118.866,8.419232463,118.7756728,112.5675067,261.8944943,169,20.0730887,0.002410651,0.001185799,92.53047151,67.77527534,8.307182347,16.44801382,10.05482901,0.016186776
DEBUG,11000,252,118.758,8.424139885,118.7064809,113.9404029,246.3452071,169,20.06139527,0.000993491,0.001645562,107.5293981,87.2545187,15.0513865,5.223492941,1.886256209,0.009288188
DEBUG,11000,251,117.595,8.506641251,117.5552102,109.6018031,236.726597,256,30.0941338,,,,,,,,
RELEASE,51000,860,115.891,8.633111675,115.8330898,99.8435989,249.0959018,260,30.11660335,,,,,,,,
RELEASE,111000,1769,114.864,8.712723909,114.7746687,109.7196937,267.7116096,175,20.08556702,,,,,,,,
RELEASE,91000,1522,113.5,8.81789139,113.4057969,95.66900134,223.982498,177,20.07282605,0.001529944,0.001299435,88.10072028,64.4478075,7.322367886,16.33054489,9.903521485,0.015398726
DEBUG,9000,230,103.824,9.648503974,103.6430106,95.07240355,206.3031942,39,4.042077415,,,,,,,,
RELEASE,21000,2603,102.766,9.73196143,102.7542091,85.92430502,250.4835129,195,20.03707078,0.00077641,0.001102051,85.02444327,16.74278252,8.204676548,60.0769842,14.62625899,0.003101628
DEBUG,9000,207,100.527,9.949917602,100.5033448,91.24500304,217.2439992,299,30.05050011,,,,,,,,
RELEASE,51000,864,100.243,9.981409893,100.1862473,90.83489329,232.7831089,200,20.03724946,0.0012145,0.002509,78.75169395,57.67383811,6.528707084,14.54914876,8.598059963,0.01283277
DEBUG,9000,208,98.8065,10.12327981,98.78221475,92.37689525,195.3148991,304,30.02979328,,,,,,,,
DEBUG,9000,208,98.1134,10.19614023,98.07632867,93.02550554,198.2924938,204,20.00757105,0.000954412,0.001502451,88.86755974,72.19270913,12.41949421,4.255356406,1.637814213,0.007568498
RELEASE,91000,3541,97.9162,10.21905676,97.85638968,87.88760006,463.241607,205,20.06055988,,,,,,,,
DEBUG,9000,201,96.8694,10.32399417,96.86173619,93.13420206,1247.894764,1012,98.02407702,0,0,0,0,0,0,0,
RELEASE,41000,718,96.94,10.32401686,96.86152334,72.39249349,2086.599827,118,11.42965975,,,,,,,,
RELEASE,91000,1527,96.2913,10.39213043,96.22665986,90.23649246,219.6680009,185,17.80193207,0.002963784,0.001182703,75.26627009,55.19134498,6.787582242,13.28734287,8.75004059,0.012206203
RELEASE,51000,865,96.0539,10.41656751,96.00091387,89.95679766,190.4074997,209,20.064191,0.001019139,0.002630622,76.53596017,56.72669573,6.403413475,13.40585096,7.321596636,0.012139707
RELEASE,91000,2392,95.3611,10.49340032,95.29799393,90.77329934,201.9117028,210,20.01257873,,,,,,,,
RELEASE,91000,1527,92.4629,10.82107068,92.41229721,87.28009462,215.9328014,217,20.0534685,,,,,,,,
RELEASE,51000,863,92.3002,10.84010593,92.25002103,87.19799668,185.0872934,217,20.01825456,0,0,0,0,0,0,0,0.092250021
RELEASE,51000,858,91.242,10.96362411,91.21071556,85.09039879,235.3740036,329,30.00832542,,,,,,,,
RELEASE,51000,864,90.7871,11.01919108,90.75076315,84.54000205,192.4343109,331,30.0385026,,,,,,,,
RELEASE,71000,1179,89.7328,11.14929541,89.69176644,73.59750569,176.0731041,223,20.00126392,0.001197309,0.001253812,70.49363979,51.83973233,5.719255227,12.93465223,7.349243079,0.011846433
DEBUG,7000,191,90.0053,11.15297682,89.66216072,75.25649667,176.9056916,16,1.434594572,,,,,,,,
RELEASE,21000,1554,88.1519,11.34519537,88.14303922,73.35039973,195.3574121,227,20.0084699,0.000734361,0.001079736,73.61124357,14.04075031,6.832911191,52.73758207,11.97758586,0.002552396
RELEASE,71000,1185,86.4512,11.5724599,86.4120514,82.50670135,157.8900963,232,20.04759593,,,,,,,,
RELEASE,71000,1209,78.7321,12.74228327,78.47887058,70.97489387,156.0956985,34,2.6682816,0.012488236,0.001132353,58.69373896,42.71309169,5.349214768,10.6314325,8.500467671,0.011271043
DEBUG,7000,168,77.635,12.88319426,77.62050155,69.19689476,156.2670022,387,30.0391341,,,,,,,,
RELEASE,41000,689,77.5736,12.89542387,77.54688872,69.93769854,153.2499939,387,30.01064593,,,,,,,,
DEBUG,7000,167,77.1684,12.9620774,77.1481275,72.28299975,156.2166065,260,20.05851315,0.00092,0.001450385,69.81144458,56.63455449,9.776605454,3.40028464,1.455833459,0.005878479
RELEASE,41000,689,76.5874,13.06292027,76.55256097,72.50099629,151.7432928,262,20.05677097,0.001014886,0.002032824,61.06110333,45.67023704,5.078534795,10.31233149,5.765219452,0.009723191
RELEASE,51000,653,84.4954,13.12045721,76.21685619,59.57840011,130.8431029,11,0.838385418,,,,,,,,
DEBUG,7000,161,76.095,13.14218337,76.09085733,72.60710746,165.0481969,1366,103.9401111,0,0,0,0,0,0,0,
DEBUG,7000,169,75.73,13.2072964,75.71572332,71.34260237,170.8509028,397,30.05914216,,,,,,,,
RELEASE,41000,687,75.3914,13.27006563,75.35757755,70.17540187,154.0499032,266,20.04511563,0.001040977,0.001851128,59.75748296,44.3154094,4.996194422,10.44587914,6.03510114,0.009562101
RELEASE,41000,688,75.0686,13.32668771,75.03740026,70.28760016,152.3768902,267,20.03498587,0,0,0,0,0,0,0,0.0750374
RELEASE,41000,681,73.5397,13.60377257,73.50902077,69.55700368,155.5296034,273,20.06796267,0.000888278,0.001639927,58.65254015,43.80520619,4.654946942,10.19238701,5.550156412,0.009303796
RELEASE,71000,3380,73.3571,13.63831356,73.32284858,66.78260118,176.2412041,273,20.01713766,,,,,,,,
RELEASE,41000,684,72.9003,13.72181872,72.87663686,67.11520255,143.6039954,412,30.02517439,,,,,,,,
RELEASE,41000,683,72.2966,13.83647432,72.27274645,66.95249677,157.0540965,416,30.06546252,,,,,,,,
RELEASE,71000,1185,70.6063,14.16855229,70.57884105,66.34029746,155.5908918,284,20.04439086,0.000729578,0.001051761,56.71218909,42.05804314,5.136712737,9.517433215,5.819524684,0.008045346
RELEASE,71000,1187,70.1475,14.26151506,70.11877743,66.21360034,162.2800976,286,20.05397034,,,,,,,,
RELEASE,21000,369,66.1399,15.12238393,66.12714004,49.31620136,145.481497,454,30.02172158,,,,,,,,
RELEASE,31000,523,60.3616,16.57053947,60.34806542,55.79569936,147.2760886,498,30.05333658,,,,,,,,
DEBUG,5000,141,59.9825,16.69588908,59.89498343,54.15489897,150.6439,53,3.174434122,,,,,,,,
RELEASE,31000,518,58.4734,17.10582222,58.45962779,52.74499953,118.1560978,514,30.04824868,,,,,,,,
RELEASE,51000,866,57.7733,17.31311071,57.75969536,54.54299971,126.4737993,347,20.04261429,,,,,,,,
DEBUG,5000,132,57.3917,17.42808601,57.37864728,53.8729988,125.3914982,300,17.21359418,0,0,0,0,0,0,0,
RELEASE,31000,518,57.2796,17.46601574,57.25404207,53.60610038,129.0992051,350,20.03891473,0.001026857,0.001791143,45.68588734,34.11635487,3.793854904,7.775677574,4.282173719,0.007283163
RELEASE,31000,524,56.9933,17.55230064,56.97258841,53.03509906,120.623,352,20.05435112,0.001073864,0.001765341,45.37897009,33.53679972,3.805401467,8.036768901,4.513840346,0.007076939
RELEASE,31000,523,56.8211,17.60499604,56.80205765,52.58389935,118.6683998,353,20.05112635,0,0,0,0,0,0,0,0.056802058
RELEASE,31000,516,55.7002,17.95935465,55.68128808,52.46639997,133.3356053,360,20.04526371,0.000980278,0.001511389,44.53420989,33.2804822,3.555915321,7.69781237,4.18737334,0.006957213
DEBUG,5000,130,55.6072,17.98940518,55.58827487,52.40309983,134.3332976,208,11.56236117,0.002551442,0.001411539,49.74712876,40.41820609,7.021523606,2.307399059,1.16256154,0.004674622
RELEASE,31000,517,55.4269,18.0456798,55.4149254,50.55110157,137.1387094,542,30.03488957,,,,,,,,
RELEASE,31000,494,55.3062,18.08128928,55.30579067,51.39639974,3436.810255,18082,1000.039307,,,,,,,,
RELEASE,51000,864,55.2966,18.09033342,55.27814092,48.26619849,115.5347973,362,20.01068701,0.00075221,0.00111326,44.64107551,33.07615823,3.945402811,7.619514472,4.380038951,0.006255161
DEBUG,5000,127,54.7354,18.2721952,54.72796175,51.18009821,109.6720994,549,30.045651,,,,,,,,
DEBUG,5000,130,54.6874,18.28933446,54.6766752,51.73780024,111.6830036,366,20.01166312,0.000998907,0.001328142,49.36259504,40.03071793,6.93396863,2.397908488,1.184359016,0.004127394
RELEASE,31000,517,54.0434,18.50763229,54.03176292,50.74179918,121.8044981,556,30.04166019,,,,,,,,
DEBUG,5000,122,53.7309,18.61351367,53.72440784,51.73709989,246.279195,616,33.09423523,0,0,0,0,0,0,0,
DEBUG,5000,126,52.6653,18.99030256,52.65845537,49.38659817,125.9196997,570,30.01531956,,,,,,,,
RELEASE,51000,2477,50.7116,19.72426759,50.69896742,45.19400001,116.8532968,395,20.02609213,,,,,,,,
RELEASE,51000,865,50.1035,19.96391898,50.09036558,45.95920071,121.2824956,400,20.03614623,0.00068575,0.00091925,40.48358326,29.94684739,3.730630544,6.806105333,4.066318481,0.005538859
RELEASE,51000,859,48.4525,20.64411969,48.43994391,45.24090141,114.7432923,413,20.00569683,0.000683535,0.000950121,39.39436612,29.20748779,3.631584789,6.555293542,3.817730759,0.005226213
RELEASE,21000,370,45.159,22.14752282,45.15177649,37.34700009,3134.862661,665,30.02593137,,,,,,,,
RELEASE,11000,1502,44.7068,22.36912934,44.70446681,34.98709947,103.3251062,448,20.02760113,0.0007125,0.000814286,37.88518142,7.010096236,3.74511616,27.12996902,5.696870757,0.001120888
RELEASE,41000,688,40.8898,24.46157264,40.88044603,36.04830056,112.7184033,490,20.03141855,0.000709388,0.000934082,33.29858239,24.71062473,3.051323506,5.536634155,3.193940812,0.004386279
RELEASE,21000,370,39.4917,25.32729139,39.48310084,36.92109883,102.6708931,507,20.01793213,0.000988955,0.001818343,31.41096209,23.2782018,2.643523307,5.489236984,3.006062128,0.005063269
RELEASE,11000,936,39.1791,25.52564091,39.17629349,33.6567983,137.1601969,511,20.01908597,0.000622505,0.000855382,33.16492152,6.228980088,3.411227302,23.52471414,5.063384346,0.00094651
RELEASE,41000,618,39.2549,25.72119661,38.87844003,35.22900119,96.52979672,267,10.38054349,,,,,,,,
RELEASE,21000,370,38.3481,26.0829085,38.3392826,35.07040069,93.95510703,522,20.01310552,0.001007854,0.001594636,30.664276,22.67315499,2.562250415,5.428870601,2.940482571,0.004731922
RELEASE,41000,689,38.218,26.17021486,38.21137905,35.15449911,94.01780367,524,20.02276262,0.000705534,0.000931298,31.23008244,23.11577471,2.930565684,5.183742048,3.025788359,0.003953871
DEBUG,3000,101,38.0921,26.28043416,38.05112176,33.48580003,140.8350021,59,2.245016184,,,,,,,,
RELEASE,21000,370,37.9294,26.37025562,37.92151332,35.34600139,85.70990711,528,20.02255904,0.001211174,0.001379546,30.39821869,22.54102916,2.419990938,5.437198589,2.852802842,0.004667901
RELEASE,21000,363,37.7797,26.47345197,37.77369122,34.09900144,77.62160152,795,30.03008452,,,,,,,,
RELEASE,31000,400,40.7659,26.49314969,37.74560638,31.81809932,78.98470759,49,1.849534713,,,,,,,,
RELEASE,21000,363,37.7252,26.50782719,37.72470647,33.92390162,1792.946935,14732,555.7603757,,,,,,,,
RELEASE,41000,1827,37.3794,26.75930136,37.37018341,32.97609836,112.4027073,536,20.03041831,,,,,,,,
RELEASE,21000,369,37.2985,26.81649958,37.29047474,35.08700058,81.22880012,537,20.02498493,0,0,0,0,0,0,0,0.037290475
RELEASE,41000,684,37.0772,26.97552431,37.07064183,34.28940102,93.70209277,540,20.01814659,0.000587778,0.000739074,30.37119037,22.58772564,2.801143181,4.982321541,2.86870481,0.00382942
RELEASE,41000,690,36.4101,27.47091947,36.40213066,33.32899883,93.04500371,550,20.02117186,,,,,,,,
DEBUG,7000,159,37.1754,27.59169087,36.24279514,34.71789882,82.44590461,141,5.110234115,,,,,,,,
RELEASE,21000,364,36.2292,27.60637516,36.22351701,34.24309939,81.14910126,829,30.0292956,,,,,,,,
RELEASE,31000,507,52.377,27.71489032,36.08168708,28.7359003,76.53089613,8,0.288653497,,,,,,,,
DEBUG,3000,91,36.1141,27.71731662,36.07852859,33.04409981,104.9133986,66,2.381182887,0,0,0,0,0,0,0,
RELEASE,31000,527,36.4392,27.81544987,35.95124309,32.85209835,80.73129505,193,6.938589916,0.000631088,0.000725907,30.56003884,17.08315146,9.650116869,3.826770514,2.616501031,0.002773346
RELEASE,31000,527,36.4392,27.81544987,35.95124309,32.85209835,80.73129505,193,6.938589916,0.000631088,0.000725907,30.56003884,17.08315146,9.650116869,3.826770514,2.616501031,0.002773346
DEBUG,3000,89,35.9057,27.85217059,35.90384443,31.71470016,155.6012928,1306,46.89042083,0,0,0,0,0,0,0,
RELEASE,31000,519,34.4879,28.99975726,34.48304726,28.43989991,79.84820008,580,20.00016741,0.000624138,0.000906897,29.28466155,23.13685803,2.218387613,3.929415911,2.233637588,0.002963217
RELEASE,9000,189,34.1641,29.27368824,34.16036927,18.26179959,49.45399985,586,20.01797639,0.001017406,0.001542833,30.19567983,26.17734683,1.23857442,2.779758575,1.493853755,0.002468275
DEBUG,5000,117,36.6703,29.50362947,33.89413499,32.13280067,67.71960109,43,1.457447805,,,,,,,,
DEBUG,3000,96,33.8678,29.53386467,33.85943598,31.35579824,129.7325939,275,9.311344896,0,0,0,0,0,0,0,
DEBUG,3000,101,33.8638,29.55621056,33.83383665,31.19819984,98.23569655,76,2.571371585,,,,,,,,
RELEASE,1000,459,34.3946,29.60518386,33.77786825,30.24489991,113.0255014,205,6.924462991,0.001461951,0.000837073,29.22092534,1.740475115,0.476820002,27.00363022,4.410704844,0.000143939
DEBUG,3000,97,33.008,30.29832794,33.00512167,30.59699945,76.46699995,909,30.0016556,,,,,,,,
RELEASE,31000,526,32.8332,30.46103822,32.82882195,30.75649962,78.01750302,610,20.02558139,0.000562787,0.000697377,28.00623294,22.36016009,2.037435106,3.608637748,2.138763777,0.002682565
DEBUG,3000,96,32.6154,30.66391584,32.61162094,30.34670092,77.78470218,614,20.02353526,0.000852117,0.001204723,29.25595857,23.77249582,4.081362247,1.4021005,0.939490066,0.002414116
RELEASE,31000,520,32.5299,30.74484592,32.52577693,29.72899936,73.20400327,615,20.00335281,0.000795285,0.000868943,27.79088862,22.20005896,1.985213357,3.605616303,2.085007475,0.002648217
DEBUG,3000,88,32.0653,31.18788551,32.06373192,30.80770001,80.03859967,1709,54.79691785,0,0,0,0,0,0,0,
DEBUG,3000,97,32.0542,31.20540439,32.04573117,30.4076001,118.9748943,272,8.716438878,,,,,,,,
RELEASE,9000,1034,31.7897,31.45782088,31.7885973,27.34280005,75.34600049,630,20.0268163,0.00059127,0.000569206,27.48509952,4.880073359,2.763588022,19.84143814,3.566055089,0.000736282
DEBUG,3000,94,31.5302,31.71830951,31.52753143,29.35080044,109.8743007,952,30.01420992,,,,,,,,
RELEASE,9000,824,31.3194,31.93013659,31.31837526,26.85040049,108.0909967,639,20.01244179,0.000545853,0.000622848,26.95341939,4.940938829,2.780926218,19.23155434,3.61416682,0.00074962
RELEASE,21000,329,27.0557,37.51688199,26.6546671,25.08030087,56.47509918,310,8.262946801,0.000730323,0.000500968,23.31397601,14.50933901,6.51450956,2.290127446,1.682434511,0.001657025
RELEASE,21000,329,27.0557,37.51688199,26.6546671,25.08030087,56.47509918,310,8.262946801,0.000730323,0.000500968,23.31397601,14.50933901,6.51450956,2.290127446,1.682434511,0.001657025
DEBUG,1000,55,26.5801,37.6240113,26.57877152,12.13140041,7409.852982,601,15.97384168,,,,,,,,
DEBUG,5000,110,26.3471,38.51568264,25.96344999,24.76849966,59.6438013,300,7.789034996,,,,,,,,
RELEASE,31000,1274,25.4873,39.24002811,25.48418154,22.87339978,87.45320141,785,20.00508251,,,,,,,,
RELEASE,21000,488,25.5434,39.28363879,25.45589031,16.12650044,119.8586002,21,0.534573697,0.015671429,0.000728571,14.77852869,10.77430484,1.406790492,2.597433362,3.776447581,0.006884514
RELEASE,7000,2508,25.2899,39.54239581,25.28931238,18.41820031,155.282706,791,20.0038461,0.00053603,0.000592668,21.52960518,3.666290277,2.108397034,15.75491787,3.204479397,0.000554099
RELEASE,31000,525,24.735,40.43402289,24.73164747,22.6901006,71.55190408,809,20.00790281,,,,,,,,
RELEASE,7000,729,23.876,41.8842218,23.87533914,20.96069977,81.12780005,838,20.0075342,0.00054117,0.000551432,20.65016562,3.743885216,2.138652214,14.76762819,2.652676609,0.000571404
RELEASE,11000,223,22.9572,43.56332068,22.95509122,19.8950991,62.61830032,1308,30.02525931,,,,,,,,
RELEASE,11000,225,22.6774,44.10311485,22.67413545,19.97680031,47.7903001,883,20.02126161,0.001035787,0.001635108,17.97567079,13.25303946,1.467342036,3.255289295,1.72550419,0.00297029
RELEASE,11000,253,21.6822,46.14779,21.66951007,19.39369924,83.88940245,180,3.900511812,,,,,,,,
RELEASE,21000,403,21.6095,47.08745713,21.237078,19.84689943,52.17019841,273,5.797722295,,,,,,,,
RELEASE,21000,477,25.7366,47.71562555,20.95749534,15.06119967,51.3455011,22,0.461064898,,,,,,,,
DEBUG,3000,80,21.6339,49.33107851,20.27119678,19.28349957,44.38890144,93,1.885221301,,,,,,,,
RELEASE,11000,225,20.2259,49.4475968,20.22342975,17.99909957,44.19700056,989,20.00097202,0.001102932,0.001331446,16.09780837,11.87557827,1.349085254,2.873144846,1.632228818,0.002490958
RELEASE,11000,218,20.2057,49.49140208,20.20552981,18.05390045,3103.620291,12995,262.5708599,,,,,,,,
RELEASE,11000,226,20.1654,49.59616498,20.16284929,17.91900024,89.8251012,992,20.0015465,0.000894052,0.001280242,15.80602869,11.75552631,1.268321689,2.782180698,1.975095358,0.002379551
RELEASE,11000,226,20.1321,49.68003105,20.1288119,17.91479997,43.12580079,994,20.00803902,0,0,0,0,0,0,0,0.020128812
RELEASE,11000,224,19.569,51.10598682,19.56717916,17.27229916,43.59149933,1534,30.01605283,,,,,,,,
RELEASE,11000,224,18.9116,52.8822034,18.90995336,17.28699915,44.02669892,1587,30.01009598,,,,,,,,
RELEASE,5000,1354,18.8865,52.94899287,18.88610049,16.04020037,189.5691007,1059,20.00038041,0.000551747,0.000539188,15.9320372,2.577285653,1.493800049,11.86095149,2.566487351,0.000386485
RELEASE,9000,228,18.8266,53.16580838,18.80908107,16.34290069,104.8931032,116,2.181853404,,,,,,,,
RELEASE,21000,369,18.1195,55.19879664,18.11633697,16.14969969,49.46390167,1105,20.01855235,0.000545701,0.000709231,14.93062154,11.16526267,1.314348975,2.451009894,1.437091857,0.001747369
RELEASE,5000,1124,17.4426,57.33202099,17.44225971,15.00449982,76.12860203,1147,20.00627189,0.000637751,0.000560244,14.84881185,2.592598259,1.507335008,10.74887858,2.177173324,0.000415077
RELEASE,9000,190,17.1154,58.43556226,17.11286691,14.81389999,83.29480141,815,13.94698653,,,,,,,,
RELEASE,9000,188,16.9027,59.16775629,16.9010972,15.17840009,35.32490134,1184,20.01089908,0.000927618,0.00120152,13.55296179,10.16990262,1.099610824,2.283448352,1.371312162,0.001974694
RELEASE,5000,510,16.8501,59.34808222,16.84974413,14.88079969,61.91999838,1187,20.00064628,0.000517102,0.000509436,14.65042383,2.638942972,1.526624648,10.48485621,1.801345996,0.000396948
RELEASE,21000,363,16.5377,60.47265247,16.53640049,15.73039964,47.07219824,1210,20.00904459,0.000478512,0.000357603,13.49329056,10.10855598,1.211572411,2.173162174,1.454598099,0.001587676
RELEASE,21000,409,16.9826,61.06747454,16.37532922,14.94329982,48.00270125,188,3.078561893,,,,,,,,
RELEASE,21000,857,16.0734,62.21978363,16.07205846,14.73009959,80.08340001,1245,20.00971279,,,,,,,,
DEBUG,3000,74,16.1735,62.39497248,16.0269323,14.94260039,156.0968012,814,13.0459229,,,,,,,,
RELEASE,9000,187,15.9801,62.58379929,15.97857611,14.51009978,33.70539844,1252,20.00517729,0,0,0,0,0,0,0,0.015978576
RELEASE,9000,189,15.9472,62.71093381,15.94618258,13.90419994,38.14569861,1882,30.01071561,,,,,,,,
RELEASE,9000,183,15.9225,62.80957573,15.92113923,14.48869985,49.08270016,1257,20.01287201,0.000870167,0.001185362,12.77789511,9.50940246,1.029411946,2.23908071,1.275270725,0.001865918
RELEASE,9000,188,15.8309,63.17305205,15.82953439,14.05769959,34.39480066,1896,30.01279721,,,,,,,,
RELEASE,21000,413,15.9448,64.68976249,15.45839653,14.51009978,45.32679915,201,3.107137702,,,,,,,,
RELEASE,9000,189,15.4507,64.72570022,15.44981355,13.95609975,35.59890017,1942,30.0035379,,,,,,,,
RELEASE,21000,370,15.4151,64.87648907,15.4139044,14.65860009,62.46110052,1298,20.00724791,,,,,,,,
RELEASE,7000,170,15.2509,65.58350801,15.24773576,11.03200018,160.0024998,470,7.166435805,,,,,,,,
DEBUG,1000,56,15.2064,65.7756737,15.20318902,10.48790012,75.50809532,266,4.044048279,,,,,,,,
RELEASE,7000,176,14.9416,66.96529887,14.9331074,13.13530002,107.8403965,176,2.628226902,,,,,,,,
DEBUG,1000,55,14.8602,67.29531917,14.85987454,10.92099957,9122.051239,4436,65.91840346,0,0,0,0,0,0,0,
DEBUG,1000,55,14.3112,69.87774801,14.31070732,11.53459959,2036.065817,1955,27.97743281,0,0,0,0,0,0,0,
RELEASE,7000,156,14.2789,70.04024408,14.27750593,12,40.04209861,1401,20.0027858,0.00095753,0.001406638,11.31803733,8.379259198,0.916195016,2.022583118,1.127595218,0.001829509
DEBUG,1000,56,14.0552,71.17288118,14.05029533,10.6910998,100.4544944,215,3.020813496,0.006294884,0.001502326,12.08464477,9.877655927,1.634169311,0.572819537,0.465901859,0.001491952
RELEASE,5000,130,13.9336,71.81671934,13.92433418,8.333399892,84.94939655,117,1.629147099,,,,,,,,
DEBUG,1000,356,14.0297,71.90870337,13.90652248,12.23830041,68.90649349,1289,17.92550748,0.000571916,0.000363383,12.07419037,4.137825068,2.227381492,5.708983806,1.467107605,0.000364289
RELEASE,7000,180,13.7424,72.78792721,13.73854207,11.05049998,80.59959859,416,5.7152335,,,,,,,,
DEBUG,1000,55,13.6823,73.08882393,13.68198236,10.22709999,327.7953863,4520,61.84256029,0,0,0,0,0,0,0,
DEBUG,1000,346,13.6176,73.95628202,13.52150179,12.35460024,45.2793017,1390,18.79488749,0.000556403,0.000379856,11.89305756,4.142024539,2.204252209,5.546780812,1.267138416,0.00036037
DEBUG,1000,55,13.5082,74.03649345,13.50685254,10.31840034,849.4465947,607,8.198659495,0,0,0,0,0,0,0,
DEBUG,1000,55,13.5016,74.07385295,13.5000403,10.16500033,1127.835155,527,7.114521238,0,0,0,0,0,0,0,
DEBUG,1000,55,13.4021,74.6184935,13.40150348,9.87480022,39.56940025,2239,30.00596628,,,,,,,,
DEBUG,1000,56,13.2996,75.29730519,13.28068777,10.27990039,99.95030612,163,2.164752106,,,,,,,,
DEBUG,1000,55,13.2051,75.73505577,13.20392505,11.24520041,88.31720054,842,11.11770489,0,0,0,0,0,0,0,
DEBUG,,56,13.1916,75.80870261,13.19109766,10.79650037,252.0858049,1842,24.2980019,0,0,0,0,0,0,0,
RELEASE,3000,69,13.2548,76.08633348,13.14296476,8.333399892,99.80969876,1119,14.70697757,,,,,,,,
DEBUG,1000,54,13.135,76.13546451,13.13448347,11.11389976,78.97459716,2105,27.6480877,0,0,0,0,0,0,0,
DEBUG,1000,55,13.1317,76.1552844,13.13106514,11.1285001,91.76150709,1629,21.39050511,0,0,0,0,0,0,0,
DEBUG,1000,55,13.0443,76.67049164,13.04282754,11.43699978,84.4187066,552,7.199640803,0,0,0,0,0,0,0,
DEBUG,1000,55,12.9681,77.12731647,12.96557492,11.31550036,98.39119762,514,6.664305508,0,0,0,0,0,0,0,
DEBUG,1000,225,12.8318,77.93315065,12.83150998,8.814100176,3251.266241,1559,20.00432405,0.000578769,0.000416164,10.74806855,6.274303391,2.235247894,2.238517261,1.001591662,0.001080855
RELEASE,7000,154,12.5711,79.55541473,12.56985465,11.11140009,61.13379821,1279,16.0768441,0.001104613,0.001055121,9.942475117,7.434914168,0.799894458,1.70766649,1.125586475,0.001499633
DEBUG,1000,56,12.5741,79.55982111,12.56915848,9.98870004,105.9931964,147,1.847666296,,,,,,,,
RELEASE,7000,155,12.5634,79.60250353,12.56241897,11.19740028,27.87660062,1593,20.01193341,0.000897615,0.000977401,9.933923893,7.398537035,0.841130268,1.69425659,1.155897803,0.001470722
DEBUG,1000,55,12.5128,79.91830946,12.51277719,10.58730017,100.7902026,3197,40.00334869,0,0,0,0,0,0,0,
RELEASE,7000,154,12.4924,80.05484555,12.49143625,10.80469973,31.11539967,1602,20.01128088,0,0,0,0,0,0,0,0.012491436
RELEASE,7000,154,12.4912,80.06027622,12.49058893,10.92709973,28.84690091,2402,30.00239461,,,,,,,,
RELEASE,7000,154,12.412,80.57218563,12.4112309,10.69580019,29.45679985,2418,30.01035632,,,,,,,,
RELEASE,7000,154,12.3579,80.92517312,12.35709436,10.68830024,26.49899945,2428,30.0030251,,,,,,,,
DEBUG,1000,55,12.323,81.15426356,12.3222115,10.55929996,108.515501,1232,15.18096457,0,0,0,0,0,0,0,
DEBUG,1000,56,12.2338,81.74484141,12.23318784,10.46659984,34.98740122,1635,20.00126212,0.000848196,0.001247401,10.62679882,8.660357886,1.470822089,0.495618841,0.696397798,0.000907896
DEBUG,1000,55,12.0426,83.04776192,12.04126369,10.60970034,97.51380235,661,7.959275298,0,0,0,0,0,0,0,
DEBUG,1000,56,11.5638,83.45697813,11.98222153,9.762199596,129.6395063,228,2.731946508,0.005998246,0.00107193,9.902894787,8.0953167,1.370696064,0.436882023,0.394293422,0.001677963
RELEASE,7000,154,11.9152,83.93023486,11.91465747,10.48920024,28.21709961,2518,30.00110752,,,,,,,,
DEBUG,1000,55,11.8212,84.59994791,11.82033825,10.1301996,95.26959807,839,9.91726379,,,,,,,,
DEBUG,1000,55,11.7325,85.24256706,11.73122812,10.18830016,103.4264937,597,7.00354319,0,0,0,0,0,0,0,
RELEASE,3000,915,11.6432,85.88854583,11.64299605,9.409699589,108.6611971,1718,20.00266722,0.000520722,0.00052922,9.596969663,1.571518222,0.91022791,7.115223531,1.8022195,0.000242757
RELEASE,11000,226,11.6229,86.04105047,11.62235926,10.56510024,33.42980146,1721,20.00208029,0.000493608,0.000491575,9.566213168,7.738854692,0.635862994,1.191495482,1.139651016,0.00091551
RELEASE,11000,194,11.6847,86.14846351,11.60786808,10.85670013,28.03450078,1526,17.7136067,0.000459502,0.000355636,9.657975096,5.27252897,3.273902666,1.11154346,1.126790891,0.000822287
RELEASE,11000,568,11.5951,86.24713142,11.59458852,10.62180009,41.79000109,1725,20.0006652,,,,,,,,
DEBUG,1000,55,11.5743,86.40455385,11.57346408,9.955800138,95.62720358,947,10.96007048,0,0,0,0,0,0,0,
DEBUG,1000,55,11.374,87.92346685,11.37352786,9.819299914,30.79679981,1759,20.00603551,0.00090614,0.000881751,9.771041053,7.977516363,1.355273463,0.438251227,0.791609325,0.00080909
DEBUG,1000,55,11.3709,87.96088676,11.36868939,9.866500273,79.66180146,1121,12.74430081,,,,,,,,
DEBUG,1000,55,11.3459,88.1442537,11.34503905,9.971000254,91.71400219,1089,12.35474752,0,0,0,0,0,0,0,
DEBUG,1000,55,11.337,88.21384116,11.33608952,9.961999953,95.48039734,1792,20.31427241,,,,,,,,
DEBUG,1000,56,11.3235,88.32364099,11.32199702,9.75290034,104.7561988,539,6.102556394,,,,,,,,
DEBUG,1000,55,11.2683,88.74647835,11.26805276,9.797000326,93.98329258,22795,256.8552626,,,,,,,,
RELEASE,3000,1605,11.2432,88.9436624,11.243072,9.390699677,83.33560079,1779,20.00142508,0.000505228,0.000544126,9.054848112,1.523134291,0.881575971,6.650137851,1.95877313,0.000228401
DEBUG,1000,55,11.202,89.28043246,11.20066259,9.716100059,91.17329866,620,6.944410807,0,0,0,0,0,0,0,
DEBUG,1000,56,11.1348,89.82956383,11.13219254,9.750899859,72.65000045,295,3.283996798,0.004342034,0.000955254,9.670225812,7.909991895,1.337368488,0.422865429,0.377947119,0.001078722
DEBUG,1000,55,11.0869,90.20228001,11.08619427,9.72010009,107.1124002,1326,14.70029361,0,0,0,0,0,0,0,
DEBUG,1000,55,11.0336,90.63475649,11.03329494,9.918300435,87.22889423,5317,58.66402919,,,,,,,,
RELEASE,5000,130,10.9609,91.27332718,10.95610329,9.186199866,60.37779897,241,2.640420892,,,,,,,,
RELEASE,11000,230,11.2002,91.62770499,10.91372964,10.34099981,29.50330079,398,4.343664398,,,,,,,,
DEBUG,1000,55,10.7734,92.82646566,10.77278977,9.569600225,95.10110319,2355,25.36991992,,,,,,,,
DEBUG,1000,55,10.7273,93.22336219,10.72692484,9.60570015,112.1564955,2479,26.59204669,0,0,0,0,0,0,0,
DEBUG,1000,55,10.5446,94.83874295,10.54421399,9.380299598,34.88770127,2846,30.00883301,,,,,,,,
DEBUG,1000,123,10.6279,95.22380939,10.50157525,9.539600462,21.44669928,1212,12.7279092,0.000619059,0.000416254,9.194888627,4.16918889,2.200086357,2.82561338,0.941339605,0.000364312
RELEASE,3000,352,10.2607,97.46073839,10.260542,8.846400306,38.43760118,1950,20.00805691,0.000499744,0.000478308,8.808648248,1.567133078,0.910184079,6.33133109,1.207965079,0.000242951
RELEASE,11000,266,10.5376,99.29999254,10.07049421,9.543100372,26.94980055,242,2.437059599,,,,,,,,
DEBUG,1000,73,9.9948,100.0544394,9.994559022,8.52929987,821.4582801,2002,20.00910716,0.00057013,0.000449101,8.165810441,4.146596419,2.196759067,1.822454955,0.789090509,0.001038639
RELEASE,11000,286,11.3067,101.7218312,9.830731398,8.333399892,25.33400059,54,0.530859496,,,,,,,,
RELEASE,9000,183,10.0191,102.5618002,9.750218874,8.926300332,26.73009969,604,5.8891322,0.000511093,0.000407947,8.046918148,4.400317222,2.716663995,0.929936931,1.028261092,0.000674121
RELEASE,9000,159,9.81878,102.8179172,9.725931311,8.800099604,40.76329991,1169,11.3696137,,,,,,,,
RELEASE,1000,37,9.87968,103.1827002,9.691547108,8.333399892,152.611807,589,5.708321246,0.001065705,0.000628523,0.698981836,0.527075721,0.059237692,0.112668422,7.297163332,0.001693708
RELEASE,5000,123,9.61145,104.0478047,9.610966837,8.333399892,23.89840037,2081,20.00042199,0.00087112,0.001156704,7.507424162,5.6105138,0.612471896,1.284438466,0.969849496,0.001131665
RELEASE,7000,154,12.3557,105.5395848,9.475117812,8.333399892,25.13499931,39,0.369529595,,,,,,,,
RELEASE,1000,54,9.45175,105.8050698,9.451342941,8.333399892,78.86660099,537,5.075371159,,,,,,,,
RELEASE,3000,95,9.44753,105.8651206,9.44598178,8.333399892,76.32020116,594,5.610913177,,,,,,,,
RELEASE,11000,304,10.7322,106.8401223,9.359779629,8.333399892,28.10579911,74,0.692623693,,,,,,,,
RELEASE,11000,302,9.28674,107.7309208,9.28238608,8.333399892,93.56520325,187,1.735806197,0.002506417,0.000287701,6.973998425,5.216179153,0.622551879,1.135267393,0.997493053,0.001308101
RELEASE,5000,123,9.2733,107.8418456,9.272838332,8.333399892,498.5328019,2157,20.00151228,0.001017061,0.000977561,7.054301235,5.333176405,0.562127731,1.1589971,0.941163237,0.001275379
RELEASE,5000,122,9.18966,108.8197855,9.189505341,8.333399892,87.00320125,12781,117.4510678,,,,,,,,
RELEASE,5000,123,9.17755,108.9672446,9.177069709,8.333399892,22.67139964,2180,20.00601196,0.00094289,0.000965963,7.12995595,5.34255872,0.606503494,1.180893736,0.974205321,0.001071
RELEASE,5000,119,9.13439,109.480046,9.13408458,8.333399892,21.50090039,3285,30.00546785,,,,,,,,
RELEASE,1000,61,9.11133,109.7538009,9.111301765,8.333399892,323.5280812,2196,20.00841868,,,,,,,,
RELEASE,1000,53,9.10288,109.8564475,9.102788436,8.333399892,2537.070036,3296,30.00279068,,,,,,,,
RELEASE,1000,36,9.18501,109.8946089,9.099627453,8.333399892,25.13800003,900,8.189664708,,,,,,,,
RELEASE,1000,250,9.23719,111.1564488,8.996329145,8.333399892,32.00890124,691,6.216463439,0.000857019,0.0007767,3.502649658,0.541528512,0.311315494,2.649805652,3.711118958,0.001780927
RELEASE,9000,234,8.98619,111.3138786,8.983605752,8.333399892,118.9920977,256,2.299803073,0.002061719,0.000421875,5.760180491,4.326393364,0.506116022,0.927671105,1.348246872,0.001872695
RELEASE,5000,121,8.96932,111.4971208,8.968841466,8.333399892,22.29570039,2230,20.00051647,0,0,0,0,0,0,0,0.008968842
RELEASE,5000,123,8.94519,111.7957081,8.944887216,8.333399892,21.37999982,3354,30.00115172,,,,,,,,
RELEASE,1000,60,8.94333,111.8155292,8.943301589,8.333399892,768.3079839,2237,20.00616565,0.000692714,0.00060523,0.663405322,0.499122888,0.05748364,0.106798794,5.288537727,0.002990061
RELEASE,11000,220,8.94365,111.8157878,8.943280902,8.333399892,24.80899915,2237,20.00611938,0.000484891,0.00027063,6.952113529,5.21669898,0.618901617,1.116512932,1.161736567,0.000828675
RELEASE,5000,120,8.90856,112.2559889,8.908210686,8.333399892,20.25849931,3368,30.00285359,,,,,,,,
RELEASE,1000,53,8.88994,112.4888455,8.889770322,8.333399892,536.2579823,1245,11.06776405,,,,,,,,
RELEASE,3000,93,8.88935,112.5013473,8.88878244,8.333399892,70.92969865,1241,11.03097901,,,,,,,,
RELEASE,7000,145,9.05935,112.9349123,8.854657785,8.333399892,19.45089921,666,5.897202085,0.000841742,0.000285886,7.453435967,4.663341895,2.075308628,0.714785444,0.886032132,0.000514062
RELEASE,1000,61,8.83147,113.2317988,8.831441434,8.333399892,417.6232815,2265,20.00321485,,,,,,,,
RELEASE,3000,72,9.14926,113.5914384,8.803480386,8.333399892,104.2532995,323,2.843524165,,,,,,,,
RELEASE,1000,54,8.79581,113.7025638,8.794876442,8.333399892,84.69049633,290,2.550514168,,,,,,,,
RELEASE,5000,107,10.1422,114.2338113,8.753975627,8.333399892,19.45680007,70,0.612778294,,,,,,,,
RELEASE,3000,86,8.75037,114.2816352,8.750312319,8.333399892,5561.463356,20243,177.1325723,,,,,,,,
RELEASE,9000,412,8.69196,115.0525163,8.691682998,8.333399892,50.94330013,2302,20.00825426,,,,,,,,
RELEASE,5000,121,8.69013,115.0772619,8.68981399,8.333399892,19.7176002,3453,30.00592771,,,,,,,,
RELEASE,3000,94,8.69095,115.101484,8.687985292,8.333399892,85.92409641,281,2.441323867,,,,,,,,
RELEASE,1000,54,8.66663,115.3950357,8.665884054,8.333399892,95.40080279,265,2.296459274,0,0,0,0,0,0,0,
RELEASE,3000,76,11.0225,115.3958237,8.665824882,8.333399892,18.45799945,52,0.450622894,0.00075,0.000511539,3.348692347,2.058805777,0.940998105,0.348888465,1.833792297,0.003482079
RELEASE,1000,52,8.66053,115.4691314,8.66032322,8.333399892,95.48609704,819,7.092804717,,,,,,,,
RELEASE,7000,146,10.1896,115.6527742,8.646571665,8.333399892,23.61490019,92,0.795484593,,,,,,,,
RELEASE,5000,108,11.0451,115.7384246,8.640172904,8.333399892,17.85000041,74,0.639372795,0.000560811,0.000477027,4.246308091,3.421693217,0.286741895,0.537872979,1.912362159,0.002480465
RELEASE,7000,179,8.63072,115.8801652,8.629604539,8.333399892,142.1840042,713,6.152908037,0.000954138,0.00052244,5.709384328,4.603773796,0.389692852,0.71591768,1.680903505,0.00123784
RELEASE,1000,54,8.61484,116.0904646,8.613971904,8.333399892,59.26939845,375,3.230239464,,,,,,,,
RELEASE,1000,53,8.61417,116.0980686,8.613407715,8.333399892,89.89430219,307,2.644316169,0,0,0,0,0,0,0,
RELEASE,1000,54,8.59279,116.3836895,8.592269282,8.333399892,80.81870526,284,2.440204476,,,,,,,,
RELEASE,1000,34,8.66435,116.5542746,8.579693911,8.333399892,112.7667055,1067,9.154533403,,,,,,,,
RELEASE,7000,284,8.57854,116.5729931,8.57831624,8.333399892,35.43100134,2332,20.00463347,,,,,,,,
RELEASE,9000,205,8.9483,116.9545598,8.550329309,8.333399892,25.05219914,272,2.325689572,,,,,,,,
RELEASE,3000,87,8.5399,117.0988163,8.539795974,8.333399892,99.63950515,6711,57.31057078,,,,,,,,
RELEASE,5000,128,8.53298,117.1999791,8.532424726,8.333399892,121.036306,693,5.912970335,0.000907648,0.000584993,3.173046766,2.384128575,0.278501735,0.510416456,3.820879219,0.001537006
RELEASE,1000,54,8.52846,117.2602892,8.528036276,8.333399892,111.3483012,536,4.571027444,,,,,,,,
RELEASE,1000,37,8.61834,117.3922752,8.518448068,8.333399892,92.02190489,1034,8.808075302,,,,,,,,
RELEASE,5000,32,8.58523,117.5129023,8.509703873,8.333399892,144.7810978,1962,16.696039,,,,,,,,
RELEASE,1000,37,9.2601,117.5644866,8.505970034,8.333399892,16.89790003,154,1.309919385,0.000750649,0.000664935,0.951987673,0.519032467,0.32303962,0.109915586,6.084659084,0.001467908
RELEASE,9000,207,9.01239,117.6497508,8.499805509,8.333399892,28.32409926,249,2.116451572,,,,,,,,
RELEASE,9000,207,8.65868,117.7314992,8.493903558,8.333399892,25.06490052,383,3.253165063,,,,,,,,
RELEASE,1000,450,8.49095,117.7727212,8.490930583,8.333399892,39.52680156,2356,20.00463245,0.000521138,0.00049618,3.211277606,0.521133193,0.300947081,2.389197333,2.462090327,0.002816545
RELEASE,1000,36,8.58173,117.9182628,8.480450582,2.292799996,103.6218032,1204,10.2104625,0.00070299,0.000710465,0.956441192,0.770639611,0.065320267,0.120481314,7.306254653,0.000216341
RELEASE,7000,151,8.96262,117.9829753,8.475799132,8.333399892,20.91629989,256,2.169804578,,,,,,,,
RELEASE,1000,35,9.21119,118.001568,8.474463661,8.333399892,25.08489974,160,1.355914186,,,,,,,,
RELEASE,5000,181,8.47308,118.023091,8.472918235,8.333399892,33.44510123,2361,20.00455995,,,,,,,,
RELEASE,7000,151,8.74203,118.1058277,8.466982703,8.333399892,25.07049963,372,3.149717566,,,,,,,,
RELEASE,1000,54,8.46388,118.1544818,8.463496137,8.333399892,77.96809822,586,4.959608736,,,,,,,,
RELEASE,7000,152,8.75466,118.1928544,8.460748366,8.333399892,25.07659979,392,3.316613359,0.000587245,0.000585459,4.956384198,3.742,0.401106637,0.813277561,2.047097708,0.001456094
RELEASE,1000,37,8.71013,118.4064485,8.445485972,8.333399892,24.97900091,359,3.031929464,,,,,,,,
RELEASE,3000,92,8.44401,118.4386694,8.443188406,8.333399892,65.69690257,757,6.391493623,,,,,,,,
RELEASE,3000,92,8.44302,118.4479539,8.442526585,8.333399892,85.30460298,1188,10.02972158,0,0,0,0,0,0,0,0.008442527
RELEASE,1000,37,8.86851,118.4641903,8.441369478,8.333399892,25.0582993,217,1.831777177,0.000600461,0.000643779,0.670795855,0.503111521,0.059696314,0.10798802,6.924086171,0.000845243
RELEASE,3000,67,8.84384,118.4729313,8.44074667,8.333399892,25.12539923,248,2.093305174,,,,,,,,
RELEASE,9000,189,8.43955,118.4946668,8.43919838,8.333399892,88.42649311,2370,20.00090016,0.000597384,0.000397848,5.876773101,4.418373633,0.513499036,0.944900433,1.030597215,0.001530833
RELEASE,1000,54,8.43578,118.546951,8.435476337,8.333399892,69.68129426,603,5.086592231,0,0,0,0,0,0,0,
RELEASE,1000,61,8.43364,118.5731945,8.433609336,8.333399892,77.13609934,2372,20.00452134,,,,,,,,
RELEASE,11000,191,8.4776,118.6356137,8.42917206,8.333399892,26.40659921,2191,18.46831598,,,,,,,,
RELEASE,5000,103,8.73601,118.6902826,8.425289571,8.333399892,25.0818003,455,3.833506755,0.000553187,0.000583736,4.377342036,2.390344399,1.48013939,0.506858248,3.344943508,0.000701867
RELEASE,5000,106,8.74908,118.7234352,8.42293687,8.333399892,25.10930039,403,3.394443559,,,,,,,,
RELEASE,1000,53,8.42136,118.7483305,8.421171022,8.333399892,106.0532928,1171,9.861191266,,,,,,,,
RELEASE,1000,35,8.56807,118.7887734,8.418303949,8.333399892,25.07190034,789,6.642041815,,,,,,,,
RELEASE,5000,105,8.70844,118.855475,8.413579601,8.333399892,19.91390064,335,2.818549166,,,,,,,,
RELEASE,1000,36,8.47092,118.9278976,8.408456048,8.333399892,70.94559819,1405,11.81388075,,,,,,,,
RELEASE,3000,93,8.40846,118.9310571,8.408232669,8.333399892,75.42660087,1129,9.492894683,0.000875819,0.000566785,1.901350141,1.430371481,0.166417008,0.304561651,4.72268051,0.001782759
RELEASE,1000,52,8.40825,118.9343004,8.408003384,8.333399892,71.01150602,890,7.483123012,0,0,0,0,0,0,0,0.008408003
RELEASE,3000,92,8.40839,118.9352882,8.407933548,8.333399892,82.50670135,1355,11.39274996,0.001009447,0.00087262,4.117409954,3.104820788,0.336743915,0.675845251,0.663895056,0.003624747
RELEASE,7000,153,8.40421,118.9911385,8.403987162,8.333399892,88.07089925,2380,20.00148945,0.000587185,0.000413319,5.250856616,4.146485469,0.389673408,0.714697739,1.524445758,0.001627684
DEBUG,1000,39,8.50136,119.0170933,8.402154452,8.333399892,25.02150089,1219,10.24222628,,,,,,,,
RELEASE,1000,479,8.40038,119.042206,8.400381959,8.333399892,35.2591984,2381,20.00130945,0.000541663,0.000521462,3.105729165,0.505827468,0.291922605,2.307979091,3.426522848,0.001867067
RELEASE,5000,106,8.60286,119.0773771,8.397900793,8.333399892,25.11820011,558,4.686028643,,,,,,,,
RELEASE,5000,106,8.74013,119.1009776,8.396236707,8.333399892,18.55169982,383,3.215758659,,,,,,,,
RELEASE,3000,76,8.66936,119.1117697,8.395475969,8.333399892,17.27019995,397,3.33300396,0.000959446,0.000576322,2.013742576,1.52028388,0.170555921,0.322902775,5.379677326,0.00100052
RELEASE,3000,72,8.55401,119.1127826,8.395404573,8.333399892,25.0870008,471,3.954235554,,,,,,,,
RELEASE,5000,101,8.66489,119.116416,8.39514849,8.333399892,21.13730088,496,4.163993651,,,,,,,,
RELEASE,1000,38,8.6646,119.1413368,8.393392478,8.333399892,25.09110048,512,4.297416949,,,,,,,,
RELEASE,3000,73,8.61419,119.1418694,8.393354955,8.333399892,25.05159937,583,4.893325939,0.000612178,0.000615609,2.663968303,1.451372043,0.905221127,0.307375132,5.001575473,0.000726583
RELEASE,1000,38,8.58348,119.1478942,8.392930538,7.139400113,25.0781998,449,3.768425812,0.000729621,0.000780624,0.791486863,0.594111136,0.070081961,0.127293766,7.381816258,0.000218117
RELEASE,1000,59,8.39213,119.1608697,8.39201663,8.333399892,106.3209996,2384,20.00656765,0.000830495,0.001332299,1.446174034,1.07768464,0.118408894,0.250080499,4.633047229,0.002310633
RELEASE,1000,37,8.647,119.1617261,8.391956314,8.333399892,31.94969893,436,3.658892953,0.000669266,0.00066789,0.963544737,0.531098396,0.321654367,0.110791974,6.906279122,0.000520795
RELEASE,3000,93,8.39155,119.1688621,8.391453796,8.333399892,25.12479946,2384,20.00522585,0.000577181,0.000556376,1.948823666,1.467181924,0.170523031,0.311118712,4.67487068,0.001766626
RELEASE,1000,53,8.39089,119.1780938,8.390803782,8.333399892,124.6291995,3576,30.00551432,,,,,,,,
RELEASE,1000,23,8.64618,119.1787767,8.390755701,8.333399892,25.07979982,362,3.037453564,,,,,,,,
RELEASE,5000,101,8.48915,119.1999258,8.389266968,8.333399892,25.14849976,665,5.578862534,,,,,,,,
RELEASE,11000,225,8.38924,119.2051493,8.388899352,8.333399892,26.29430033,2385,20.00752496,,,,,,,,
RELEASE,3000,64,8.59374,119.2599384,8.385045418,8.333399892,25.16970038,670,5.61798043,,,,,,,,
RELEASE,9000,187,8.38446,119.274912,8.383992771,8.333399892,25.10499954,2386,20.00420675,,,,,,,,
RELEASE,3000,93,8.3841,119.2755356,8.383948936,8.333399892,25.14309995,3579,30.00615324,,,,,,,,
RELEASE,5000,104,8.59451,119.2913927,8.382834484,5.541599821,25.07450059,574,4.811746994,0.000954878,0.000701568,3.206225274,2.407055056,0.284569341,0.514600877,4.665288157,0.000509665
RELEASE,1000,53,8.38214,119.3026342,8.382044597,8.333399892,94.43790466,1877,15.73309771,,,,,,,,
DEBUG,1000,40,8.54353,119.3180676,8.380960405,8.333399892,17.35920087,633,5.305147937,,,,,,,,
RELEASE,1000,53,8.37893,119.3478224,8.378870936,8.333399892,32.47329965,3581,30.00473682,,,,,,,,
RELEASE,9000,186,8.37915,119.3479171,8.378864286,8.333399892,20.90509981,2387,20.00034905,0.000439464,0.000355383,5.744707104,4.320429668,0.507307463,0.916969973,1.243287307,0.001390075
RELEASE,1000,128,8.37837,119.3552141,8.37835203,8.333399892,25.91639943,2388,20.00750465,0.000766457,0.000578769,2.948584438,0.522998284,0.305649256,2.119936898,3.35467232,0.00207375
DEBUG,1000,38,8.45191,119.3702523,8.377296528,8.333399892,18.57659966,1276,10.68943037,0.000576959,0.000468339,6.277914854,3.936446021,2.162403235,0.179065598,0.861025706,0.001237311
RELEASE,1000,37,8.4889,119.3777958,8.376767163,8.333399892,24.84959923,776,6.500371318,,,,,,,,
RELEASE,1000,36,8.51601,119.3798874,8.3766204,8.333399892,23.76569994,917,7.681360907,,,,,,,,
RELEASE,1000,36,8.44249,119.3799876,8.376613371,8.333399892,25.17170087,1380,11.55972645,,,,,,,,
DEBUG,1000,39,8.43151,119.3859098,8.376197839,8.333399892,24.95189942,1897,15.8896473,,,,,,,,
RELEASE,1000,36,8.48989,119.4125227,8.37433108,8.333399892,33.31129998,1087,9.102897883,,,,,,,,
RELEASE,1000,36,8.52041,119.4129499,8.37430112,8.333399892,16.86570048,900,7.536871008,0.000537111,0.000609222,0.696151114,0.524658779,0.060206667,0.111285668,5.749082229,0.001927921
RELEASE,3000,72,8.53643,119.4298736,8.373114444,8.333399892,25.12300015,832,6.966431217,,,,,,,,
RELEASE,1000,52,8.37248,119.4402372,8.372387925,8.333399892,77.59449631,1780,14.90285051,,,,,,,,
RELEASE,3000,94,8.37026,119.473602,8.370049815,8.333399892,21.17490023,2390,20.00441906,0.000925649,0.001544268,4.581374809,3.396772907,0.375625277,0.808976625,1.360537153,0.002425668
RELEASE,1000,36,8.5976,119.4934962,8.368656304,8.333399892,23.05109985,468,3.91653115,,,,,,,,
DEBUG,1000,60,8.36848,119.4988411,8.368281995,8.333399892,23.20020087,2391,20.00856225,,,,,,,,
RELEASE,3000,70,8.53684,119.5207171,8.366750336,8.333399892,25.11180006,797,6.668300018,,,,,,,,
RELEASE,1000,56,8.36676,119.5210977,8.366723692,8.333399892,25.02750047,2391,20.00483635,,,,,,,,
RELEASE,9000,185,8.36609,119.5341238,8.365811941,8.333399892,22.52460085,2391,20.00265635,,,,,,,,
RELEASE,3000,93,8.36495,119.5514182,8.364601734,8.333399892,20.12190036,2392,20.00812735,0.000830602,0.001076714,4.203193974,3.191557671,0.349225088,0.662411215,1.631521321,0.002527979
RELEASE,7000,155,8.36325,119.5744174,8.362992871,8.333399892,25.11920035,2392,20.00427895,,,,,,,,
RELEASE,3000,70,8.41385,119.5846856,8.362274775,3.361799987,25.08860081,983,8.220116104,0.000648525,0.000688912,1.950533476,1.464823704,0.172075689,0.313634083,6.092014036,0.00031839
RELEASE,3000,72,8.45284,119.5912646,8.361814751,8.333399892,25.13010055,1232,10.30175577,,,,,,,,
RELEASE,3000,74,8.4774,119.5921885,8.36175015,8.333399892,17.55869947,599,5.00868834,,,,,,,,
RELEASE,1000,37,8.54072,119.6007451,8.361151924,8.333399892,23.24200049,642,5.367859535,,,,,,,,
RELEASE,3000,93,8.36106,119.6041996,8.360910428,8.333399892,37.56019846,3589,30.00730753,,,,,,,,
RELEASE,1000,56,8.35938,119.6266815,8.359339134,8.333399892,25.0780005,2393,20.00389855,,,,,,,,
RELEASE,3000,69,8.42402,119.6291683,8.359165361,8.333399892,25.09550005,1749,14.62018022,,,,,,,,
RELEASE,3000,92,8.35933,119.6303963,8.359079554,8.333399892,27.03199908,3589,30.00073652,,,,,,,,
RELEASE,7000,157,8.35887,119.6364264,8.35865823,8.333399892,18.90889928,2393,20.00226915,,,,,,,,
RELEASE,9000,190,8.35686,119.6660947,8.3565859,8.333399892,21.99600078,2394,20.00566664,,,,,,,,
RELEASE,1000,54,8.35651,119.6686208,8.356409502,8.333399892,33.07290003,2394,20.00524435,0.001095781,0.001835297,1.640412531,1.206628481,0.130643861,0.303140189,3.763748537,0.002949317
RELEASE,1000,53,8.35577,119.6784311,8.355724509,8.333399892,75.46049356,3319,27.73264964,,,,,,,,
RELEASE,3000,92,8.3554,119.6845203,8.355299391,8.333399892,25.26509948,2394,20.00258674,,,,,,,,
RELEASE,5000,124,8.35459,119.6970312,8.354426085,8.333399892,25.11800081,2394,20.00049605,,,,,,,,
RELEASE,3000,70,8.41129,119.6977456,8.354376221,8.333399892,25.10179952,1749,14.61180401,,,,,,,,
RELEASE,1000,56,8.3542,119.700616,8.354175886,8.333399892,17.9213006,2395,20.00825125,,,,,,,,
RELEASE,1000,52,8.35356,119.7098898,8.353528697,8.333399892,92.66809374,6086,50.83957565,,,,,,,,
RELEASE,7000,152,8.35337,119.7154235,8.353142568,8.333399892,25.12110025,2395,20.00577645,,,,,,,,
RELEASE,5000,97,8.41892,119.7364001,8.351679184,8.333399892,18.41579936,2260,18.87479496,,,,,,,,
RELEASE,1000,37,8.43064,119.7375017,8.351602346,8.333399892,16.80009998,1916,16.00167009,,,,,,,,
RELEASE,1000,36,8.40466,119.747752,8.350887457,8.333399892,25.06390028,2171,18.12977667,,,,,,,,
RELEASE,5000,122,8.35054,119.7549695,8.350384159,8.333399892,25.08269995,2396,20.00752044,0.000487271,0.000560434,3.204776933,2.408021414,0.28074825,0.516007268,3.130680549,0.002013879
RELEASE,3000,69,8.41583,119.7650807,8.349679173,8.333399892,25.10100044,2215,18.49453937,0.000515531,0.000567269,1.920489081,1.446819595,0.168288219,0.305381268,4.879175758,0.001548932
RELEASE,5000,123,8.34942,119.771087,8.349260453,8.333399892,25.11899918,2396,20.00482805,,,,,,,,
RELEASE,1000,23,8.4349,119.7753178,8.348965536,8.333399892,16.74599946,1886,15.746149,,,,,,,,
RELEASE,5000,124,8.34906,119.7759972,8.348918175,8.333399892,25.09929985,2396,20.00400795,,,,,,,,
RELEASE,3000,94,8.34831,119.7862692,8.348202232,8.333399892,25.11209995,2396,20.00229255,,,,,,,,
RELEASE,3000,106,8.34737,119.7995671,8.347275574,8.333399892,25.11320077,2397,20.00841955,,,,,,,,
RELEASE,3000,91,8.34651,119.812102,8.346402271,8.333399892,25.08929931,2397,20.00632624,0.00068544,0.000567126,1.919845189,1.442500377,0.168272593,0.309072219,4.818502254,0.001606802
RELEASE,3000,92,8.34639,119.8134986,8.346304982,8.333399892,25.09129979,2397,20.00609304,,,,,,,,
RELEASE,1000,52,8.34489,119.8344104,8.344848504,8.333399892,39.99190032,3596,30.00807522,,,,,,,,
RELEASE,3000,67,8.38579,119.8384676,8.344565981,8.333399892,18.29699986,2306,19.24256915,,,,,,,,
RELEASE,1000,59,8.3438,119.850172,8.343751061,8.333399892,17.4832996,2398,20.00831504,0.000509091,0.000582402,0.651555465,0.489028691,0.056707841,0.105818934,5.22556864,0.002465536
RELEASE,7000,157,8.34316,119.8618951,8.342935004,8.333399892,16.8347992,2398,20.00635814,,,,,,,,
RELEASE,3000,93,8.34241,119.8730201,8.342160723,8.333399892,18.30760017,3597,30.00675212,,,,,,,,
RELEASE,3000,93,8.342,119.8771989,8.341869923,8.333399892,18.6104998,3597,30.00570611,,,,,,,,
RELEASE,3000,92,8.34078,119.8955678,8.340591887,8.333399892,17.46140048,2398,20.00073934,0,0,0,0,0,0,0,0.008340592
RELEASE,5000,125,8.33888,119.9223301,8.338730572,8.333399892,14.63180035,2399,20.00461464,,,,,,,,
RELEASE,1000,53,8.33877,119.9234714,8.338651208,8.333399892,14.75510001,2399,20.00442425,0.000807837,0.001302376,1.358893621,1.022330464,0.111924053,0.224639103,4.521325924,0.002456322
RELEASE,1000,53,8.3373,119.9438109,8.337237181,8.333399892,14.27059993,3599,30.00571661,,,,,,,,
RELEASE,3000,91,8.33728,119.9456178,8.33711159,8.333399892,17.36179926,3599,30.00526461,,,,,,,,
RELEASE,5000,119,8.33699,119.949558,8.336837726,8.333399892,12.6825003,2400,20.00841054,,,,,,,,
RELEASE,3000,95,8.33699,119.9519188,8.336673642,8.333399892,12.05109991,2400,20.00801674,,,,,,,,
RELEASE,1000,53,8.33615,119.9600748,8.336106839,8.333399892,13.26220017,3599,30.00164851,,,,,,,,
RELEASE,1000,53,8.3355,119.9696534,8.335441268,8.333399892,9.987399913,2400,20.00505904,0.000818958,0.00126225,1.425916958,1.072508952,0.111111835,0.242296171,3.462793378,0.00344465
RELEASE,1000,53,8.33481,119.9798977,8.334729562,8.333399892,10.04130021,2400,20.00335095,0,0,0,0,0,0,0,0.00833473
